[{"election_uuid": "40a17486-1446-11e0-b9ec-000c293e7de1", "name": "Ben5 Adida", "uuid": "36cab4d2-baf5-4fe6-9316-072bb10a08c5", "voter_id_hash": "bf0cQk+Usble4MkAhhvKt+sowSKG8ZfugkQWy453Uaw", "voter_type": "password"}, {"election_uuid": "40a17486-1446-11e0-b9ec-000c293e7de1", "name": "Ben8 Adida", "uuid": "96817ccc-d3b1-491c-9d68-36823a7a2bc4", "voter_id_hash": "cSSwKlgyaaNRjBrRus+tCUNMdpIPmZYuhXMZMhmlv1s", "voter_type": "password"}, {"election_uuid": "40a17486-1446-11e0-b9ec-000c293e7de1", "name": "Ben6 Adida", "uuid": "b3e41a74-4eed-447a-ac4e-cb894be680d9", "voter_id_hash": "XVgT8ZCSRTPLoQ+CjP/quuqneAglMuA+PyF1oduftLg", "voter_type": "password"}, {"election_uuid": "40a17486-1446-11e0-b9ec-000c293e7de1", "name": "Ben7 Adida", "uuid": "b5cdd49b-7af3-43a9-bf34-152171bf0652", "voter_id_hash": "p3LFPrtTCOg6NjDjeUjRsmC2DHG1i3UiU0BAQXqph70", "voter_type": "password"}]